x,y,timestamp
818,542,1738407792.2483382
811,587,1738407792.2702227
791,680,1738407792.2895374
783,705,1738407792.297977
776,727,1738407792.3037944
769,747,1738407792.3103774
762,769,1738407792.3151102
749,803,1738407792.3264031
741,823,1738407792.3298995
723,855,1738407792.337259
705,886,1738407792.3462455
682,917,1738407792.3535912
656,952,1738407792.3578103
638,977,1738407792.369178
624,992,1738407792.372513
615,1002,1738407792.381963
608,1008,1738407792.3857443
602,1011,1738407792.3857443
596,1012,1738407792.398885
593,1012,1738407792.4112253
590,1012,1738407792.4180002
586,1011,1738407792.425004
584,1010,1738407792.4319057
581,1009,1738407792.4388425
580,1009,1738407792.4457157
579,1008,1738407792.4481337
577,1007,1738407792.4597428
575,1007,1738407792.4676266
572,1006,1738407792.474336
569,1003,1738407792.4811795
566,1002,1738407792.487935
562,1000,1738407792.4946098
556,996,1738407792.5023267
550,992,1738407792.5089946
545,988,1738407792.516303
543,985,1738407792.5233607
538,980,1738407792.5298028
534,975,1738407792.5368245
532,973,1738407792.5439296
531,970,1738407792.55087
530,968,1738407792.557712
529,966,1738407792.564564
527,964,1738407792.5721772
526,962,1738407792.5799105
525,958,1738407792.5855396
524,957,1738407792.5924797
524,954,1738407792.5989912
524,951,1738407792.606717
525,946,1738407792.6138062
528,940,1738407792.6205018
532,933,1738407792.6273952
544,921,1738407792.6344135
571,902,1738407792.6413074
600,890,1738407792.6483145
629,884,1738407792.6554716
659,875,1738407792.6622338
685,872,1738407792.669605
716,867,1738407792.675848
748,861,1738407792.6828816
782,856,1738407792.6917484
808,853,1738407792.697759
834,850,1738407792.704073
855,850,1738407792.710779
872,850,1738407792.717564
884,850,1738407792.724427
893,851,1738407792.7315915
906,854,1738407792.738543
914,856,1738407792.7475212
916,857,1738407792.7538507
917,858,1738407792.7590857
920,858,1738407792.7677786
920,859,1738407792.7730172
920,859,1738407792.786972
920,859,1738407792.8035145
916,863,1738407792.816382
888,876,1738407792.822213
840,900,1738407792.830271
806,914,1738407792.8382416
752,930,1738407792.842511
707,939,1738407792.8493745
692,939,1738407792.8583033
674,939,1738407792.8632176
658,937,1738407792.8707528
648,932,1738407792.8786035
638,926,1738407792.8853562
632,920,1738407792.890934
628,914,1738407792.8978684
626,907,1738407792.9048412
626,898,1738407792.9123633
630,881,1738407792.9200842
638,859,1738407792.9260728
649,833,1738407792.9327238
662,807,1738407792.9402964
688,762,1738407792.9484875
716,723,1738407792.9554172
744,690,1738407792.9609225
782,650,1738407792.9677749
822,606,1738407792.9788747
866,570,1738407792.987039
905,539,1738407792.991254
948,509,1738407792.9956079
985,491,1738407793.0020015
1013,479,1738407793.0109894
1046,471,1738407793.0162945
1073,463,1738407793.0253348
1088,460,1738407793.0334582
1109,457,1738407793.0377853
1125,457,1738407793.0496786
1145,457,1738407793.052057
1158,460,1738407793.0592723
1173,463,1738407793.0662243
1186,470,1738407793.077443
1198,478,1738407793.0794535
1208,488,1738407793.0918195
1213,497,1738407793.0986514
1219,511,1738407793.1055918
1222,522,1738407793.1121411
1223,533,1738407793.1195912
1223,546,1738407793.1264164
1223,558,1738407793.1336575
1222,568,1738407793.1403515
1217,579,1738407793.1475039
1213,585,1738407793.1548634
1206,592,1738407793.1613772
1198,599,1738407793.168479
1183,606,1738407793.1753123
1164,611,1738407793.182878
1145,615,1738407793.1892967
1118,617,1738407793.197106
1104,618,1738407793.2045174
1084,618,1738407793.2103064
1070,617,1738407793.2172763
1053,613,1738407793.224222
1033,606,1738407793.2317104
1021,601,1738407793.2378452
1007,594,1738407793.2454395
991,585,1738407793.2523608
977,576,1738407793.25975
967,567,1738407793.2666245
959,557,1738407793.2735698
950,547,1738407793.280677
943,537,1738407793.2875288
935,527,1738407793.2952054
930,519,1738407793.3015685
924,510,1738407793.3080282
920,502,1738407793.3155222
916,493,1738407793.3219457
915,485,1738407793.3289673
913,479,1738407793.3370926
912,470,1738407793.343541
912,460,1738407793.350667
914,449,1738407793.3567204
916,440,1738407793.3655005
917,432,1738407793.371871
919,426,1738407793.3776698
920,419,1738407793.3843026
921,415,1738407793.3933504
922,410,1738407793.3984442
922,407,1738407793.4066367
923,405,1738407793.4121754
924,402,1738407793.4204319
925,400,1738407793.4260774
925,399,1738407793.4349527
927,396,1738407793.4424496
931,393,1738407793.4469025
941,387,1738407793.4557502
959,381,1738407793.460791
987,379,1738407793.4709055
1020,380,1738407793.4745762
1035,382,1738407793.4816728
1061,392,1738407793.488356
1081,402,1738407793.495382
1100,412,1738407793.5024927
1127,431,1738407793.509373
1149,447,1738407793.516156
1187,473,1738407793.5259595
1231,505,1738407793.53329
1249,523,1738407793.5384002
1272,545,1738407793.5443144
1291,565,1738407793.5540626
1302,582,1738407793.558071
1310,602,1738407793.5681686
1313,613,1738407793.57316
1313,622,1738407793.5790534
1312,630,1738407793.5897546
1305,640,1738407793.5937693
1291,651,1738407793.5994277
1266,662,1738407793.6075606
1228,673,1738407793.613295
1191,680,1738407793.6234744
1132,690,1738407793.626988
1061,695,1738407793.6384923
1022,698,1738407793.6449652
963,698,1738407793.649957
897,695,1738407793.6577768
837,687,1738407793.6665154
765,674,1738407793.6741767
706,662,1738407793.6759915
658,653,1738407793.6879704
623,646,1738407793.6932251
599,640,1738407793.6932251
573,637,1738407793.7041786
567,636,1738407793.710345
561,636,1738407793.7232687
560,636,1738407793.7305708
561,636,1738407793.7544296
574,636,1738407793.7627456
608,636,1738407793.771854
680,624,1738407793.7792134
749,613,1738407793.7861667
826,598,1738407793.7931519
893,588,1738407793.7981496
970,570,1738407793.8005712
1034,558,1738407793.8135574
1110,539,1738407793.8210595
1166,525,1738407793.8283553
1237,499,1738407793.8354378
1305,471,1738407793.8423147
1340,449,1738407793.8493235
1364,427,1738407793.8561485
1375,409,1738407793.8633492
1381,389,1738407793.870162
1382,367,1738407793.877797
1381,352,1738407793.884722
1369,321,1738407793.8913217
1354,297,1738407793.8983893
1333,276,1738407793.9049556
1307,250,1738407793.9129806
1267,225,1738407793.9189136
1227,206,1738407793.9258342
1176,190,1738407793.933934
1126,184,1738407793.9403129
1075,184,1738407793.9474952
1032,191,1738407793.954112
984,204,1738407793.9615319
947,221,1738407793.9679403
920,238,1738407793.9750383
889,263,1738407793.982391
871,283,1738407793.98973
848,318,1738407793.9969478
833,360,1738407794.002707
831,383,1738407794.009658
829,424,1738407794.017057
833,471,1738407794.0235264
848,528,1738407794.031795
868,582,1738407794.0387337
891,625,1738407794.0457256
934,685,1738407794.0525422
984,733,1738407794.0566015
1027,760,1738407794.0649378
1074,780,1738407794.0714478
1130,790,1738407794.0794668
1190,792,1738407794.08695
1248,780,1738407794.094924
1305,764,1738407794.1010375
1352,745,1738407794.1089635
1406,714,1738407794.1141517
1445,681,1738407794.1212492
1482,639,1738407794.1290207
1512,598,1738407794.1375618
1529,566,1738407794.1425002
1541,518,1738407794.147794
1538,474,1738407794.1570163
1534,447,1738407794.1603043
1518,416,1738407794.1709318
1499,386,1738407794.1783993
1477,363,1738407794.185369
1457,344,1738407794.1923456
1441,335,1738407794.1990082
1427,330,1738407794.2065063
1413,329,1738407794.2135706
1400,329,1738407794.2192795
1383,330,1738407794.228572
1360,341,1738407794.2331364
1341,355,1738407794.2385745
1325,370,1738407794.2469494
1301,405,1738407794.2524836
1283,452,1738407794.2631624
1279,478,1738407794.2695086
1271,521,1738407794.277286
1270,562,1738407794.2837293
1270,597,1738407794.2874124
1270,635,1738407794.2942774
1270,662,1738407794.3055282
1268,682,1738407794.3076491
1265,693,1738407794.3076491
1263,703,1738407794.3214424
1256,713,1738407794.3286238
1248,719,1738407794.337312
1232,724,1738407794.3459764
1215,729,1738407794.3530312
1179,734,1738407794.3580291
1135,734,1738407794.3641126
1112,732,1738407794.375151
1072,725,1738407794.3794632
1029,712,1738407794.3841245
985,695,1738407794.393111
932,670,1738407794.4038043
887,647,1738407794.4111865
846,620,1738407794.4168227
821,598,1738407794.4215539
798,578,1738407794.4256458
776,546,1738407794.4387608
769,526,1738407794.4441385
768,503,1738407794.4463928
771,487,1738407794.4598212
788,456,1738407794.466842
821,419,1738407794.4736187
842,398,1738407794.4806623
878,370,1738407794.4875615
923,342,1738407794.4945455
979,315,1738407794.501409
1044,292,1738407794.5089023
1124,275,1738407794.5158427
1191,262,1738407794.5224566
1246,258,1738407794.5295093
1295,259,1738407794.5370042
1350,265,1738407794.5436265
1396,279,1738407794.550596
1444,307,1738407794.5580032
1469,325,1738407794.56484
1496,354,1738407794.57177
1517,391,1738407794.5786626
1520,407,1738407794.5857213
1527,434,1738407794.5929387
1528,459,1738407794.6000078
1528,481,1738407794.6067948
1528,497,1738407794.6137507
1528,512,1738407794.6208892
1527,525,1738407794.6279337
1527,536,1738407794.6348724
1527,548,1738407794.6415682
1527,560,1738407794.6485205
1531,571,1738407794.655377
1537,580,1738407794.6629024
1543,588,1738407794.6692703
1557,598,1738407794.6777236
1573,603,1738407794.6832151
1588,605,1738407794.6914334
1617,603,1738407794.697052
1654,598,1738407794.7046268
1692,585,1738407794.7107754
1731,566,1738407794.7194858
1763,546,1738407794.725531
1788,528,1738407794.7322767
1814,504,1738407794.7405875
1827,487,1738407794.745825
1831,475,1738407794.7521164
1831,463,1738407794.7591162
1827,445,1738407794.7661726
1814,426,1738407794.774988
1791,405,1738407794.7803347
1766,388,1738407794.7892694
1734,369,1738407794.7969189
1671,343,1738407794.8015058
1625,330,1738407794.8083265
1551,319,1738407794.816868
1501,315,1738407794.824745
1428,315,1738407794.830522
1365,325,1738407794.837221
1317,334,1738407794.8452241
1264,354,1738407794.8493595
1217,378,1738407794.8580928
1172,402,1738407794.8636703
1121,434,1738407794.8735652
1082,468,1738407794.8801837
1040,503,1738407794.8863313
1003,540,1738407794.8939748
957,590,1738407794.9007022
910,636,1738407794.905298
871,669,1738407794.9158287
837,699,1738407794.9189591
815,714,1738407794.92877
789,729,1738407794.935743
758,739,1738407794.9393167
746,741,1738407794.948333
724,741,1738407794.953379
700,737,1738407794.9604468
677,726,1738407794.9672885
655,711,1738407794.9763417
644,698,1738407794.980896
633,682,1738407794.9900215
628,669,1738407794.999135
624,654,1738407795.0063357
624,637,1738407795.0100756
630,613,1738407795.0158305
640,582,1738407795.0242956
653,559,1738407795.0344055
683,513,1738407795.0367227
722,464,1738407795.0451279
751,432,1738407795.0537271
794,387,1738407795.0617955
847,341,1738407795.069056
901,304,1738407795.071949
965,270,1738407795.0847945
1022,251,1738407795.0918725
1075,239,1738407795.098301
1116,238,1738407795.1052241
1163,238,1738407795.112216
1214,248,1738407795.1192024
1259,260,1738407795.1261303
1293,276,1738407795.1340642
1317,290,1738407795.1413941
1343,312,1738407795.1479523
1368,334,1738407795.155023
1382,349,1738407795.161467
1400,372,1738407795.1682684
1418,397,1738407795.175599
1434,419,1738407795.1825757
1448,443,1738407795.1906915
1460,462,1738407795.196535
1467,475,1738407795.2038267
1472,483,1738407795.211204
1480,490,1738407795.2173455
1486,496,1738407795.2245126
1491,499,1738407795.2312284
1494,500,1738407795.2384386
1496,500,1738407795.2455144
1499,500,1738407795.2523856
1500,500,1738407795.2595766
1501,500,1738407795.2664695
1501,500,1738407795.2731898
1503,500,1738407795.2805643
1503,499,1738407795.2878232
1503,493,1738407795.2940955
1493,480,1738407795.3012898
1456,440,1738407795.3086429
1418,416,1738407795.3156815
1373,394,1738407795.32185
1297,366,1738407795.3298275
1226,345,1738407795.3360274
1154,326,1738407795.343097
1077,313,1738407795.3498898
1008,304,1738407795.3583317
905,302,1738407795.3648612
813,306,1738407795.3705647
736,314,1738407795.378574
656,329,1738407795.3858187
573,347,1738407795.392387
487,371,1738407795.4008808
421,394,1738407795.4063501
367,414,1738407795.4128308
331,429,1738407795.421271
302,441,1738407795.4269986
282,451,1738407795.43559
275,454,1738407795.440597
271,456,1738407795.4466777
271,456,1738407795.4561439
271,456,1738407795.4741516
271,456,1738407795.4741516
274,456,1738407795.4907024
283,456,1738407795.4972699
312,451,1738407795.5040848
354,444,1738407795.512911
392,435,1738407795.51589
419,429,1738407795.5253465
453,424,1738407795.5311317
484,420,1738407795.5396352
514,419,1738407795.5452406
539,419,1738407795.5515177
559,425,1738407795.5603778
592,439,1738407795.5651152
623,464,1738407795.5731826
638,480,1738407795.5795252
664,510,1738407795.5863645
694,547,1738407795.592858
740,594,1738407795.6009653
784,630,1738407795.6084065
827,660,1738407795.6180937
875,686,1738407795.6197228
908,696,1738407795.6269736
969,708,1738407795.6380253
1018,710,1738407795.6453464
1059,709,1738407795.6494985
1093,706,1738407795.6588407
1120,700,1738407795.6668925
1139,693,1738407795.6740437
1149,689,1738407795.6781058
1155,684,1738407795.6860666
1156,680,1738407795.6939368
1155,674,1738407795.6977997
1147,664,1738407795.7069395
1137,654,1738407795.716362
1122,644,1738407795.717208
1088,626,1738407795.7255068
1050,613,1738407795.7366045
1006,600,1738407795.7432659
959,594,1738407795.7495852
912,592,1738407795.7581935
857,597,1738407795.7639873
815,605,1738407795.7673326
779,615,1738407795.7792363
752,625,1738407795.7861333
728,638,1738407795.7930982
712,647,1738407795.7991636
703,655,1738407795.8019595
700,662,1738407795.8140585
699,667,1738407795.8209856
702,678,1738407795.8289285
712,693,1738407795.8360276
721,701,1738407795.8415992
740,715,1738407795.8489513
773,727,1738407795.8539753
806,739,1738407795.859354
846,747,1738407795.8701026
896,750,1738407795.877105
940,748,1738407795.8843827
979,742,1738407795.8905287
1027,733,1738407795.8982072
1071,718,1738407795.905372
1115,700,1738407795.911756
1149,682,1738407795.9194002
1176,667,1738407795.9260232
1210,647,1738407795.9340613
1232,624,1738407795.9405031
1240,614,1738407795.9474401
1247,598,1738407795.954223
1251,579,1738407795.9614468
1251,559,1738407795.968258
1245,538,1738407795.9761443
1230,509,1738407795.982952
1214,484,1738407795.9887657
1194,461,1738407795.9955683
1167,430,1738407796.0025988
1135,401,1738407796.0106862
1104,371,1738407796.0163414
1077,353,1738407796.0252275
1051,341,1738407796.032249
1013,329,1738407796.0394502
970,321,1738407796.0445402
954,321,1738407796.0520713
926,322,1738407796.058003
896,330,1738407796.065825
865,344,1738407796.074055
828,362,1738407796.0806174
806,378,1738407796.0866518
786,395,1738407796.0934956
774,410,1738407796.09989
762,431,1738407796.1076252
749,457,1738407796.1155317
741,482,1738407796.1223776
738,507,1738407796.128294
738,529,1738407796.1345556
743,566,1738407796.1428797
753,601,1738407796.149728
765,629,1738407796.156932
779,666,1738407796.1645248
798,705,1738407796.1715317
814,741,1738407796.1790593
835,781,1738407796.186624
850,805,1738407796.1918864
860,819,1738407796.199746
867,827,1738407796.2062757
873,831,1738407796.2131336
878,833,1738407796.2203398
879,833,1738407796.2273102
880,832,1738407796.2343144
880,830,1738407796.2424543
876,824,1738407796.2490838
863,808,1738407796.2557235
843,787,1738407796.2633398
820,768,1738407796.2703996
779,737,1738407796.276222
735,703,1738407796.2844284
678,663,1738407796.291278
631,628,1738407796.2981987
585,594,1738407796.3053017
547,565,1738407796.3121564
506,534,1738407796.3192122
475,507,1738407796.325931
456,488,1738407796.3336957
436,468,1738407796.3397675
428,458,1738407796.3437877
421,446,1738407796.352575
420,437,1738407796.3585672
421,431,1738407796.3648536
427,424,1738407796.371715
440,415,1738407796.377478
464,403,1738407796.384326
508,386,1738407796.396879
559,374,1738407796.403809
615,364,1738407796.4107947
664,360,1738407796.4142458
716,358,1738407796.4247026
784,358,1738407796.4316375
852,361,1738407796.4386096
926,372,1738407796.4460661
974,379,1738407796.453234
1038,396,1738407796.460074
1090,412,1738407796.4667435
1128,425,1738407796.4737816
1172,438,1738407796.4806063
1220,452,1738407796.4876356
1266,463,1738407796.4949315
1314,475,1738407796.5022562
1346,481,1738407796.5088654
1376,488,1738407796.5157564
1390,489,1738407796.5224175
1409,492,1738407796.5298567
1424,492,1738407796.5366092
1434,492,1738407796.543388
1444,490,1738407796.5510063
1450,488,1738407796.5581691
1453,486,1738407796.565035
1456,482,1738407796.5717657
1457,481,1738407796.5789993
1457,477,1738407796.585789
1457,470,1738407796.5927756
1456,458,1738407796.59968
1446,434,1738407796.6067443
1434,413,1738407796.6134489
1425,401,1738407796.6208372
1417,394,1738407796.6275644
1404,387,1738407796.6347291
1388,381,1738407796.6415563
1374,379,1738407796.6484601
1356,379,1738407796.6567743
1341,381,1738407796.6623209
1316,388,1738407796.6690361
1290,397,1738407796.675869
1268,405,1738407796.6831012
1247,417,1738407796.690127
1227,432,1738407796.6970356
1207,449,1738407796.7054946
1190,469,1738407796.7120821
1174,487,1738407796.7199662
1162,501,1738407796.7252896
1151,514,1738407796.7314603
1141,524,1738407796.7386396
1129,539,1738407796.7457464
1117,556,1738407796.7526498
1101,578,1738407796.759493
1094,588,1738407796.7677221
1082,605,1738407796.7731328
1075,615,1738407796.78226
1067,623,1738407796.7889192
1060,629,1738407796.7960908
1051,633,1738407796.8012583
1044,636,1738407796.8075192
1029,640,1738407796.8157003
1009,641,1738407796.8218007
983,639,1738407796.828337
960,638,1738407796.8370013
928,627,1738407796.8426547
898,619,1738407796.853039
877,609,1738407796.8589342
855,595,1738407796.8642678
845,586,1738407796.874447
832,568,1738407796.8770037
823,553,1738407796.8842845
815,537,1738407796.89288
810,523,1738407796.8980584
808,503,1738407796.9052074
808,486,1738407796.9157782
808,471,1738407796.9219115
814,455,1738407796.929738
821,445,1738407796.936513
837,427,1738407796.9434078
850,416,1738407796.951043
871,404,1738407796.9577124
897,389,1738407796.9645026
941,374,1738407796.9704459
981,365,1738407796.9786944
1021,356,1738407796.9856412
1051,349,1738407796.9922922
1087,346,1738407796.9996705
1120,346,1738407797.006121
1153,346,1738407797.0138354
1185,353,1738407797.0205433
1215,363,1738407797.0279531
1232,370,1738407797.0353687
1259,387,1738407797.0419335
1278,400,1738407797.0488243
1297,412,1738407797.0561051
1314,426,1738407797.062687
1334,441,1738407797.0697927
1352,457,1738407797.0774086
1362,466,1738407797.0846834
1371,473,1738407797.0913022
1374,476,1738407797.0982513
1379,478,1738407797.1051893
1379,480,1738407797.1121387
1381,480,1738407797.118472
1381,480,1738407797.1254737
1381,480,1738407797.140941
1380,480,1738407797.155445
1371,473,1738407797.155445
1338,458,1738407797.1752903
1281,435,1738407797.18264
1241,426,1738407797.1897225
1198,417,1738407797.1964734
1170,414,1738407797.2033653
1132,414,1738407797.2103937
1091,414,1738407797.2173324
1066,414,1738407797.2242725
1031,423,1738407797.2317543
1006,430,1738407797.2389002
967,449,1738407797.2457285
929,470,1738407797.2524378
899,491,1738407797.2594693
866,517,1738407797.2664814
832,549,1738407797.273421
798,583,1738407797.280682
756,625,1738407797.2879093
722,658,1738407797.29435
690,689,1738407797.3001387
667,709,1738407797.3069432
646,730,1738407797.3145757
628,748,1738407797.3229802
616,759,1738407797.3276956
605,766,1738407797.3358853
597,770,1738407797.3442533
585,773,1738407797.3497047
574,773,1738407797.356859
571,772,1738407797.3635173
565,769,1738407797.371994
564,766,1738407797.3773766
563,758,1738407797.3844512
566,744,1738407797.3926558
576,719,1738407797.399114
589,693,1738407797.4059596
602,666,1738407797.4126854
622,632,1738407797.421075
640,600,1738407797.4256146
664,565,1738407797.4340954
697,523,1738407797.4400558
723,499,1738407797.4463303
762,470,1738407797.4561963
799,448,1738407797.4618895
830,434,1738407797.4677582
872,417,1738407797.474851
918,404,1738407797.4819717
966,394,1738407797.490208
1026,392,1738407797.4958248
1064,392,1738407797.502987
1103,398,1738407797.5105872
1131,406,1738407797.5179474
1163,424,1738407797.5246415
1192,443,1738407797.5322332
1218,465,1738407797.537106
1247,494,1738407797.5444098
1257,508,1738407797.553348
1270,532,1738407797.5614986
1275,549,1738407797.568429
1275,559,1738407797.5718074
1275,575,1738407797.5822906
1271,588,1738407797.588776
1263,601,1738407797.5942926
1240,620,1738407797.6032536
1206,638,1738407797.6102505
1165,653,1738407797.6169064
1129,664,1738407797.6239138
1079,674,1738407797.6284065
1025,683,1738407797.636919
970,687,1738407797.6454957
919,686,1738407797.6479936
882,683,1738407797.6591308
831,671,1738407797.661467
788,656,1738407797.6702557
767,646,1738407797.6805916
744,628,1738407797.6866813
727,608,1738407797.690134
717,585,1738407797.7015636
710,553,1738407797.7060127
709,530,1738407797.7147686
709,508,1738407797.7171655
713,492,1738407797.726703
719,477,1738407797.7327123
734,450,1738407797.7432456
752,426,1738407797.7497418
773,405,1738407797.7580385
793,388,1738407797.76542
828,362,1738407797.772303
861,340,1738407797.778815
887,327,1738407797.7857602
921,313,1738407797.7926943
956,302,1738407797.799975
993,295,1738407797.8069506
1026,295,1738407797.813912
1047,298,1738407797.821015
1059,302,1738407797.8280013
1070,307,1738407797.8347502
1083,314,1738407797.8420975
1092,322,1738407797.8489568
1101,332,1738407797.8559053
1106,340,1738407797.863633
1110,345,1738407797.870875
1113,351,1738407797.8778732
1118,360,1738407797.8837204
1121,369,1738407797.8905978
1124,376,1738407797.8977177
1127,386,1738407797.905474
1130,396,1738407797.9122088
1133,407,1738407797.9198825
1136,416,1738407797.9270124
1141,426,1738407797.933205
1145,433,1738407797.9403439
1149,446,1738407797.9471307
1155,454,1738407797.9541507
1161,464,1738407797.960733
1168,471,1738407797.9685748
1174,480,1738407797.9760368
1188,491,1738407797.9819543
1209,503,1738407797.988828
1220,506,1738407797.9957068
1233,509,1738407798.0030274
1248,510,1738407798.0093584
1264,510,1738407798.0163531
1286,510,1738407798.0232208
1299,508,1738407798.0302494
1313,505,1738407798.038668
1324,501,1738407798.0455308
1336,497,1738407798.0524614
1347,491,1738407798.0595562
1358,484,1738407798.0649066
1367,477,1738407798.0719514
1373,472,1738407798.0803854
1379,463,1738407798.0857477
1382,458,1738407798.0947282
1385,450,1738407798.0997603
1387,443,1738407798.106561
1386,432,1738407798.1156087
1383,417,1738407798.1227083
1378,403,1738407798.130094
1371,390,1738407798.1357949
1363,381,1738407798.1411908
1350,368,1738407798.1480527
1338,360,1738407798.1551228
1327,354,1738407798.1620135
1316,350,1738407798.1689272
1304,347,1738407798.1759448
1291,345,1738407798.183043
1276,345,1738407798.1897817
1263,344,1738407798.196769
1244,344,1738407798.203602
1226,347,1738407798.210581
1207,352,1738407798.2189465
1188,357,1738407798.2244635
1171,364,1738407798.2313554
1140,378,1738407798.2383883
1105,396,1738407798.2453384
1084,408,1738407798.2522762
1053,424,1738407798.2592537
1021,442,1738407798.2675622
992,457,1738407798.2730002
958,475,1738407798.2815316
926,491,1738407798.2891002
895,504,1738407798.2951438
867,514,1738407798.3007777
834,526,1738407798.3077536
802,535,1738407798.3146298
775,541,1738407798.3217628
752,544,1738407798.3286378
739,545,1738407798.3346713
716,547,1738407798.3445663
694,547,1738407798.3509147
683,547,1738407798.358073
668,544,1738407798.367159
655,541,1738407798.3716707
642,534,1738407798.3785775
629,525,1738407798.389933
620,520,1738407798.3968992
613,515,1738407798.400183
608,511,1738407798.4063451
604,506,1738407798.4134357
601,503,1738407798.418895
601,500,1738407798.427384
600,497,1738407798.439008
600,495,1738407798.4458227
601,492,1738407798.4528532
606,483,1738407798.459741
612,478,1738407798.4667277
623,466,1738407798.4735262
650,450,1738407798.4805381
681,436,1738407798.487499
719,425,1738407798.4951425
755,420,1738407798.5021656
792,416,1738407798.5078592
819,416,1738407798.515629
858,419,1738407798.5225742
900,424,1738407798.5296118
942,432,1738407798.536515
985,441,1738407798.543985
1012,447,1738407798.5510798
1050,460,1738407798.5580273
1084,474,1738407798.5647027
1104,483,1738407798.571727
1130,494,1738407798.578743
1158,506,1738407798.585724
1183,515,1738407798.5928447
1212,531,1738407798.6001205
1233,541,1738407798.6072621
1254,553,1738407798.6138437
1269,559,1738407798.6208549
1289,570,1738407798.6278038
1308,579,1738407798.6348221
1327,586,1738407798.6417706
1345,593,1738407798.6492765
1357,597,1738407798.6563737
1371,605,1738407798.6631286
1382,609,1738407798.6699555
1387,612,1738407798.6766286
1395,615,1738407798.6840112
1402,616,1738407798.6910307
1409,616,1738407798.69797
1414,616,1738407798.7040613
1420,616,1738407798.7103734
1422,615,1738407798.7173872
1424,615,1738407798.7257106
1427,615,1738407798.733783
1427,614,1738407798.7392125
1427,614,1738407798.747051
1428,614,1738407798.7545063
1428,613,1738407798.7613888
1429,613,1738407798.7679179
1430,612,1738407798.78232
1430,612,1738407798.7963138
1431,612,1738407798.8029284
1431,612,1738407798.8098679
1432,611,1738407798.8170357
1432,610,1738407798.8239925
1433,609,1738407798.8309736
1434,608,1738407798.8384972
1436,606,1738407798.8446305
1438,602,1738407798.8523316
1442,596,1738407798.8592877
1445,590,1738407798.8665974
1450,581,1738407798.8738074
1456,570,1738407798.8804805
1460,564,1738407798.8874903
1465,554,1738407798.8944533
1469,546,1738407798.901483
1473,537,1738407798.9086118
1475,532,1738407798.915904
1477,527,1738407798.9230156
1478,526,1738407798.92959
1478,524,1738407798.9366078
1479,523,1738407798.9436414
1479,522,1738407798.9506958
1480,519,1738407798.9575286
1480,518,1738407798.9650404
1480,517,1738407798.9720957
1480,515,1738407798.9790747
1480,511,1738407798.9857368
1479,508,1738407798.992751
1477,500,1738407798.999765
1474,492,1738407799.0067382
1470,482,1738407799.0138545
1463,471,1738407799.0211751
1452,459,1738407799.0281856
1443,453,1738407799.0348265
1432,444,1738407799.041839
1411,433,1738407799.0488122
1386,422,1738407799.0558374
1373,418,1738407799.0627804
1352,412,1738407799.0704768
1340,410,1738407799.077485
1323,409,1738407799.0843601
1310,409,1738407799.090394
1299,410,1738407799.097413
1286,412,1738407799.105108
1275,415,1738407799.1120646
1268,417,1738407799.1194522
1259,421,1738407799.1264424
1252,424,1738407799.1336372
1245,427,1738407799.1400435
1237,431,1738407799.1470485
1229,434,1738407799.1537862
1221,439,1738407799.161278
1212,445,1738407799.1681707
1201,453,1738407799.1755161
1179,462,1738407799.1826007
1158,471,1738407799.1893702
1143,479,1738407799.1962316
1125,487,1738407799.2032592
1108,495,1738407799.2102706
1090,502,1738407799.2171552
1078,506,1738407799.2246017
1070,509,1738407799.231663
1056,514,1738407799.2386699
1037,519,1738407799.2455144
1024,523,1738407799.252377
1007,527,1738407799.2593887
983,531,1738407799.2663739
957,536,1738407799.2734737
925,544,1738407799.2807913
901,549,1738407799.287878
877,553,1738407799.2944827
861,557,1738407799.301423
838,560,1738407799.3084419
816,560,1738407799.31547
797,560,1738407799.3224306
779,558,1738407799.329895
767,557,1738407799.336943
748,553,1738407799.3439534
731,548,1738407799.3506021
720,544,1738407799.357617
709,538,1738407799.3641303
698,531,1738407799.371291
689,524,1738407799.3787146
683,517,1738407799.3860147
679,511,1738407799.3931556
677,506,1738407799.3997245
677,503,1738407799.406727
676,500,1738407799.4137468
676,493,1738407799.4206893
681,483,1738407799.4276383
696,463,1738407799.435137
722,441,1738407799.4421806
768,409,1738407799.4491935
818,381,1738407799.455841
868,359,1738407799.4628603
925,343,1738407799.4698758
984,333,1738407799.4768484
1036,325,1738407799.483954
1102,321,1738407799.4912267
1151,321,1738407799.4983659
1201,325,1738407799.5049365
1235,331,1738407799.5119154
1264,337,1738407799.5189857
1304,346,1738407799.5259438
1343,361,1738407799.532444
1384,376,1738407799.539728
1405,388,1738407799.546963
1434,402,1738407799.5537908
1457,411,1738407799.5605588
1474,419,1738407799.5675054
1498,431,1738407799.5749385
1524,443,1738407799.5814576
1549,454,1738407799.5887883
1562,458,1738407799.5963297
1580,466,1738407799.6032174
1591,471,1738407799.6101675
1598,474,1738407799.6164324
1603,476,1738407799.62432
1608,477,1738407799.630761
1612,477,1738407799.6381032
1615,477,1738407799.6451404
1618,477,1738407799.6521056
1618,477,1738407799.6592643
1618,477,1738407799.6657152
1619,477,1738407799.6788893
1619,477,1738407799.6870306
1619,474,1738407799.6947086
1616,468,1738407799.6966398
1605,454,1738407799.7081828
1582,433,1738407799.715033
1532,413,1738407799.7220917
1492,406,1738407799.7290237
1461,401,1738407799.7363539
1431,401,1738407799.7433128
1395,402,1738407799.7510533
1358,411,1738407799.7579942
1319,425,1738407799.7640173
1283,440,1738407799.77153
1241,461,1738407799.7788553
1203,488,1738407799.785762
1174,512,1738407799.7927086
1150,538,1738407799.8001137
1131,559,1738407799.807007
1106,587,1738407799.8139133
1091,607,1738407799.82066
1087,615,1738407799.8276303
1084,625,1738407799.8345773
1083,632,1738407799.8414927
1085,640,1738407799.848202
1093,649,1738407799.8564084
1101,657,1738407799.8628752
1116,662,1738407799.869823
1127,667,1738407799.8767712
1142,669,1738407799.8840086
1156,669,1738407799.8908553
1173,668,1738407799.89787
1195,662,1738407799.9051957
1214,655,1738407799.9121857
1242,636,1738407799.91899
1272,613,1738407799.9260252
1290,597,1738407799.932315
1311,569,1738407799.939462
1331,534,1738407799.946246
1349,495,1738407799.954527
1359,465,1738407799.961308
1371,422,1738407799.9686532
1374,391,1738407799.975026
1374,377,1738407799.9820273
1370,358,1738407799.98906
1361,338,1738407799.9960582
1347,314,1738407800.0031173
1329,289,1738407800.0104513
1312,271,1738407800.0175588
1293,256,1738407800.024317
1277,247,1738407800.0311959
1254,238,1738407800.038206
1234,231,1738407800.0452237
1219,228,1738407800.0521028
1206,228,1738407800.059561
1195,228,1738407800.0667503
1180,232,1738407800.0735924
1165,238,1738407800.0803058
1149,247,1738407800.087324
1126,265,1738407800.0943346
1099,286,1738407800.101351
1068,313,1738407800.1077967
1033,348,1738407800.1157303
1004,379,1738407800.122791
981,407,1738407800.1295567
962,430,1738407800.1364403
937,458,1738407800.1434543
912,486,1738407800.1504228
889,508,1738407800.1573496
866,527,1738407800.1647959
847,539,1738407800.1719954
828,552,1738407800.1790233
810,562,1738407800.1851912
793,569,1738407800.1926901
775,575,1738407800.19941
759,580,1738407800.2064574
740,584,1738407800.2131293
723,586,1738407800.2203066
708,587,1738407800.2279756
695,587,1738407800.233923
684,585,1738407800.2416897
673,581,1738407800.2486923
659,577,1738407800.2557144
648,570,1738407800.262659
637,562,1738407800.2701726
627,553,1738407800.2766912
618,543,1738407800.2837656
611,532,1738407800.2901862
602,520,1738407800.2972684
595,507,1738407800.3042858
586,491,1738407800.3114166
581,477,1738407800.3182132
580,455,1738407800.3255455
580,441,1738407800.3329413
584,429,1738407800.3392015
590,417,1738407800.3471057
598,402,1738407800.3541453
610,387,1738407800.3605843
625,370,1738407800.3680909
645,353,1738407800.3755295
665,338,1738407800.3816264
709,317,1738407800.389338
765,290,1738407800.3958802
802,269,1738407800.4030488
855,239,1738407800.4100578
911,212,1738407800.4170663
965,198,1738407800.4241788
1020,201,1738407800.4316149
1064,218,1738407800.4388628
1103,249,1738407800.4447062
1127,275,1738407800.452339
1146,295,1738407800.4593327
1167,319,1738407800.4663196
1184,345,1738407800.4732504
1202,377,1738407800.4806423
1207,396,1738407800.487726
1214,428,1738407800.494096
1212,457,1738407800.5012991
1208,475,1738407800.508236
1200,497,1738407800.5149162
1193,513,1738407800.5222952
1186,524,1738407800.5294764
1179,535,1738407800.5367236
1176,541,1738407800.5439124
1174,545,1738407800.550617
1173,546,1738407800.557399
1173,546,1738407800.564535
1172,546,1738407800.5730968
1173,545,1738407800.6195254
1175,539,1738407800.6349075
1186,522,1738407800.6421027
1198,499,1738407800.648942
1215,462,1738407800.6556575
1223,444,1738407800.662677
1225,437,1738407800.669693
1226,433,1738407800.6769621
1226,430,1738407800.6840382
1226,428,1738407800.6906176
1226,427,1738407800.697504
1226,426,1738407800.7045214
1226,425,1738407800.7113664
1226,425,1738407800.7187948
1225,424,1738407800.7222724
1224,424,1738407800.7322686
1221,421,1738407800.7401762
1219,421,1738407800.7471237
1212,418,1738407800.754187
1202,416,1738407800.7610025
1191,412,1738407800.7680116
1172,411,1738407800.774245
1142,411,1738407800.7811904
1113,415,1738407800.7889454
1084,423,1738407800.7957644
1058,435,1738407800.8036585
1037,445,1738407800.809573
1018,456,1738407800.8168995
999,472,1738407800.8234785
975,495,1738407800.830406
948,524,1738407800.8373468
916,560,1738407800.844582
899,587,1738407800.852227
878,624,1738407800.8594208
868,655,1738407800.866134
864,673,1738407800.8716497
862,694,1738407800.8797088
862,708,1738407800.8869107
868,728,1738407800.8922715
875,741,1738407800.8970416
893,763,1738407800.9057148
909,781,1738407800.9121275
922,794,1738407800.9195704
947,810,1738407800.928038
958,818,1738407800.9356182
970,824,1738407800.9417922
987,825,1738407800.9466827
1007,823,1738407800.9551141
1032,817,1738407800.9619539
1054,810,1738407800.9694133
1088,794,1738407800.9745471
1117,776,1738407800.9833376
1144,758,1738407800.9890876
1170,736,1738407800.9976058
1196,713,1738407801.0058496
1216,693,1738407801.0100846
1248,663,1738407801.018047
1276,636,1738407801.026852
1297,615,1738407801.0310922
1318,588,1738407801.03967
1335,561,1738407801.0458643
1348,532,1738407801.0512366
1359,497,1738407801.0581295
1363,471,1738407801.0677712
1368,444,1738407801.0732672
1369,422,1738407801.0789964
1369,405,1738407801.087129
1366,389,1738407801.0940437
1357,368,1738407801.10512
1349,357,1738407801.1120636
1339,347,1738407801.119008
1329,342,1738407801.1259544
1316,338,1738407801.1329036
1301,338,1738407801.1398394
1284,338,1738407801.1467967
1265,344,1738407801.1537647
1254,348,1738407801.1607227
1235,359,1738407801.167625
1223,370,1738407801.1746223
1212,382,1738407801.1815414
1199,399,1738407801.1884675
1186,418,1738407801.1954298
1171,438,1738407801.2033813
1165,451,1738407801.2092886
1162,470,1738407801.217621
1162,486,1738407801.2232187
1164,500,1738407801.2312238
1171,514,1738407801.238248
1181,528,1738407801.2450893
1191,540,1738407801.2520628
1206,556,1738407801.258962
1221,568,1738407801.265916
1237,578,1738407801.2728822
1250,586,1738407801.28009
1271,596,1738407801.286758
1292,600,1738407801.2937326
1312,601,1738407801.3007529
1337,601,1738407801.308598
1352,600,1738407801.3156068
1373,596,1738407801.3225336
1383,592,1738407801.3293655
1399,585,1738407801.336378
1409,579,1738407801.3431013
1416,572,1738407801.3499885
1424,562,1738407801.3572016
1428,550,1738407801.364046
1431,538,1738407801.3707116
1430,526,1738407801.3776517
1428,515,1738407801.3848069
1422,501,1738407801.3918562
1415,490,1738407801.398344
1403,476,1738407801.405839
1388,462,1738407801.4140968
1371,454,1738407801.4196281
1358,447,1738407801.426214
1325,439,1738407801.434321
1294,434,1738407801.4413884
1269,432,1738407801.4483337
1239,432,1738407801.4539335
1205,435,1738407801.4611206
